[
    {
      "currency code": "AED",
      "currency name": "United Arab Emirates Dirham"
    },
    {
      "currency code": "AFN",
      "currency name": "Afghan Afghani"
    },
    {
      "currency code": "ALL",
      "currency name": "Albanian Lek"
    },
    {
      "currency code": "AMD",
      "currency name": "Armenian Dram"
    },
    {
      "currency code": "ANG",
      "currency name": "Netherlands Antillean Guilder"
    },
    {
      "currency code": "AOA",
      "currency name": "Angolan Kwanza"
    },
    {
      "currency code": "ARS",
      "currency name": "Argentine Peso"
    },
    {
      "currency code": "AUD",
      "currency name": "Australian Dollar"
    },
    {
      "currency code": "AWG",
      "currency name": "Aruban Florin"
    },
    {
      "currency code": "AZN",
      "currency name": "Azerbaijani Manat"
    },
    {
      "currency code": "BAM",
      "currency name": "Bosnia-Herzegovina Convertible Mark"
    },
    {
      "currency code": "BBD",
      "currency name": "Barbadian Dollar"
    },
    {
      "currency code": "BDT",
      "currency name": "Bangladeshi Taka"
    },
    {
      "currency code": "BGN",
      "currency name": "Bulgarian Lev"
    },
    {
      "currency code": "BHD",
      "currency name": "Bahraini Dinar"
    },
    {
      "currency code": "BIF",
      "currency name": "Burundian Franc"
    },
    {
      "currency code": "BMD",
      "currency name": "Bermudan Dollar"
    },
    {
      "currency code": "BND",
      "currency name": "Brunei Dollar"
    },
    {
      "currency code": "BOB",
      "currency name": "Bolivian Boliviano"
    },
    {
      "currency code": "BRL",
      "currency name": "Brazilian Real"
    },
    {
      "currency code": "BSD",
      "currency name": "Bahamian Dollar"
    },
    {
      "currency code": "BTN",
      "currency name": "Bhutanese Ngultrum"
    },
    {
      "currency code": "BWP",
      "currency name": "Botswanan Pula"
    },
    {
      "currency code": "BZD",
      "currency name": "Belize Dollar"
    },
    {
      "currency code": "CAD",
      "currency name": "Canadian Dollar"
    },
    {
      "currency code": "CDF",
      "currency name": "Congolese Franc"
    },
    {
      "currency code": "CHF",
      "currency name": "Swiss Franc"
    },
    {
      "currency code": "CLF",
      "currency name": "Chilean Unit of Account UF"
    },
    {
      "currency code": "CLP",
      "currency name": "Chilean Peso"
    },
    {
      "currency code": "CNH",
      "currency name": "Chinese Yuan Offshore"
    },
    {
      "currency code": "CNY",
      "currency name": "Chinese Yuan"
    },
    {
      "currency code": "COP",
      "currency name": "Colombian Peso"
    },
    {
      "currency code": "CUP",
      "currency name": "Cuban Peso"
    },
    {
      "currency code": "CVE",
      "currency name": "Cape Verdean Escudo"
    },
    {
      "currency code": "CZK",
      "currency name": "Czech Republic Koruna"
    },
    {
      "currency code": "DJF",
      "currency name": "Djiboutian Franc"
    },
    {
      "currency code": "DKK",
      "currency name": "Danish Krone"
    },
    {
      "currency code": "DOP",
      "currency name": "Dominican Peso"
    },
    {
      "currency code": "DZD",
      "currency name": "Algerian Dinar"
    },
    {
      "currency code": "EGP",
      "currency name": "Egyptian Pound"
    },
    {
      "currency code": "ERN",
      "currency name": "Eritrean Nakfa"
    },
    {
      "currency code": "ETB",
      "currency name": "Ethiopian Birr"
    },
    {
      "currency code": "EUR",
      "currency name": "Euro"
    },
    {
      "currency code": "FJD",
      "currency name": "Fijian Dollar"
    },
    {
      "currency code": "FKP",
      "currency name": "Falkland Islands Pound"
    },
    {
      "currency code": "GBP",
      "currency name": "British Pound Sterling"
    },
    {
      "currency code": "GEL",
      "currency name": "Georgian Lari"
    },
    {
      "currency code": "GHS",
      "currency name": "Ghanaian Cedi"
    },
    {
      "currency code": "GIP",
      "currency name": "Gibraltar Pound"
    },
    {
      "currency code": "GMD",
      "currency name": "Gambian Dalasi"
    },
    {
      "currency code": "GNF",
      "currency name": "Guinean Franc"
    },
    {
      "currency code": "GTQ",
      "currency name": "Guatemalan Quetzal"
    },
    {
      "currency code": "GYD",
      "currency name": "Guyanaese Dollar"
    },
    {
      "currency code": "HKD",
      "currency name": "Hong Kong Dollar"
    },
    {
      "currency code": "HNL",
      "currency name": "Honduran Lempira"
    },
    {
      "currency code": "HRK",
      "currency name": "Croatian Kuna"
    },
    {
      "currency code": "HTG",
      "currency name": "Haitian Gourde"
    },
    {
      "currency code": "HUF",
      "currency name": "Hungarian Forint"
    },
    {
      "currency code": "IDR",
      "currency name": "Indonesian Rupiah"
    },
    {
      "currency code": "ILS",
      "currency name": "Israeli New Sheqel"
    },
    {
      "currency code": "INR",
      "currency name": "Indian Rupee"
    },
    {
      "currency code": "IQD",
      "currency name": "Iraqi Dinar"
    },
    {
      "currency code": "IRR",
      "currency name": "Iranian Rial"
    },
    {
      "currency code": "ISK",
      "currency name": "Icelandic Krona"
    },
    {
      "currency code": "JEP",
      "currency name": "Jersey Pound"
    },
    {
      "currency code": "JMD",
      "currency name": "Jamaican Dollar"
    },
    {
      "currency code": "JOD",
      "currency name": "Jordanian Dinar"
    },
    {
      "currency code": "JPY",
      "currency name": "Japanese Yen"
    },
    {
      "currency code": "KES",
      "currency name": "Kenyan Shilling"
    },
    {
      "currency code": "KGS",
      "currency name": "Kyrgystani Som"
    },
    {
      "currency code": "KHR",
      "currency name": "Cambodian Riel"
    },
    {
      "currency code": "KMF",
      "currency name": "Comorian Franc"
    },
    {
      "currency code": "KPW",
      "currency name": "North Korean Won"
    },
    {
      "currency code": "KRW",
      "currency name": "South Korean Won"
    },
    {
      "currency code": "KWD",
      "currency name": "Kuwaiti Dinar"
    },
    {
      "currency code": "KYD",
      "currency name": "Cayman Islands Dollar"
    },
    {
      "currency code": "KZT",
      "currency name": "Kazakhstani Tenge"
    },
    {
      "currency code": "LAK",
      "currency name": "Laotian Kip"
    },
    {
      "currency code": "LBP",
      "currency name": "Lebanese Pound"
    },
    {
      "currency code": "LKR",
      "currency name": "Sri Lankan Rupee"
    },
    {
      "currency code": "LRD",
      "currency name": "Liberian Dollar"
    },
    {
      "currency code": "LSL",
      "currency name": "Lesotho Loti"
    },
    {
      "currency code": "LYD",
      "currency name": "Libyan Dinar"
    },
    {
      "currency code": "MAD",
      "currency name": "Moroccan Dirham"
    },
    {
      "currency code": "MDL",
      "currency name": "Moldovan Leu"
    },
    {
      "currency code": "MGA",
      "currency name": "Malagasy Ariary"
    },
    {
      "currency code": "MKD",
      "currency name": "Macedonian Denar"
    },
    {
      "currency code": "MMK",
      "currency name": "Myanma Kyat"
    },
    {
      "currency code": "MNT",
      "currency name": "Mongolian Tugrik"
    },
    {
      "currency code": "MOP",
      "currency name": "Macanese Pataca"
    },
    {
      "currency code": "MRO",
      "currency name": "Mauritanian Ouguiya (pre-2018)"
    },
    {
      "currency code": "MRU",
      "currency name": "Mauritanian Ouguiya"
    },
    {
      "currency code": "MUR",
      "currency name": "Mauritian Rupee"
    },
    {
      "currency code": "MVR",
      "currency name": "Maldivian Rufiyaa"
    },
    {
      "currency code": "MWK",
      "currency name": "Malawian Kwacha"
    },
    {
      "currency code": "MXN",
      "currency name": "Mexican Peso"
    },
    {
      "currency code": "MYR",
      "currency name": "Malaysian Ringgit"
    },
    {
      "currency code": "MZN",
      "currency name": "Mozambican Metical"
    },
    {
      "currency code": "NAD",
      "currency name": "Namibian Dollar"
    },
    {
      "currency code": "NGN",
      "currency name": "Nigerian Naira"
    },
    {
      "currency code": "NOK",
      "currency name": "Norwegian Krone"
    },
    {
      "currency code": "NPR",
      "currency name": "Nepalese Rupee"
    },
    {
      "currency code": "NZD",
      "currency name": "New Zealand Dollar"
    },
    {
      "currency code": "OMR",
      "currency name": "Omani Rial"
    },
    {
      "currency code": "PAB",
      "currency name": "Panamanian Balboa"
    },
    {
      "currency code": "PEN",
      "currency name": "Peruvian Nuevo Sol"
    },
    {
      "currency code": "PGK",
      "currency name": "Papua New Guinean Kina"
    },
    {
      "currency code": "PHP",
      "currency name": "Philippine Peso"
    },
    {
      "currency code": "PKR",
      "currency name": "Pakistani Rupee"
    },
    {
      "currency code": "PLN",
      "currency name": "Polish Zloty"
    },
    {
      "currency code": "PYG",
      "currency name": "Paraguayan Guarani"
    },
    {
      "currency code": "QAR",
      "currency name": "Qatari Rial"
    },
    {
      "currency code": "RON",
      "currency name": "Romanian Leu"
    },
    {
      "currency code": "RSD",
      "currency name": "Serbian Dinar"
    },
    {
      "currency code": "RUB",
      "currency name": "Russian Ruble"
    },
    {
      "currency code": "RUR",
      "currency name": "Old Russian Ruble"
    },
    {
      "currency code": "RWF",
      "currency name": "Rwandan Franc"
    },
    {
      "currency code": "SAR",
      "currency name": "Saudi Riyal"
    },
    {
      "currency code": "SBDf",
      "currency name": "Solomon Islands Dollar"
    },
    {
      "currency code": "SCR",
      "currency name": "Seychellois Rupee"
    },
    {
      "currency code": "SDG",
      "currency name": "Sudanese Pound"
    },
    {
      "currency code": "SEK",
      "currency name": "Swedish Krona"
    },
    {
      "currency code": "SGD",
      "currency name": "Singapore Dollar"
    },
    {
      "currency code": "SHP",
      "currency name": "Saint Helena Pound"
    },
    {
      "currency code": "SLL",
      "currency name": "Sierra Leonean Leone"
    },
    {
      "currency code": "SOS",
      "currency name": "Somali Shilling"
    },
    {
      "currency code": "SRD",
      "currency name": "Surinamese Dollar"
    },
    {
      "currency code": "SYP",
      "currency name": "Syrian Pound"
    },
    {
      "currency code": "SZL",
      "currency name": "Swazi Lilangeni"
    },
    {
      "currency code": "THB",
      "currency name": "Thai Baht"
    },
    {
      "currency code": "TJS",
      "currency name": "Tajikistani Somoni"
    },
    {
      "currency code": "TMT",
      "currency name": "Turkmenistani Manat"
    },
    {
      "currency code": "TND",
      "currency name": "Tunisian Dinar"
    },
    {
      "currency code": "TOP",
      "currency name": "Tongan Pa'anga"
    },
    {
      "currency code": "TRY",
      "currency name": "Turkish Lira"
    },
    {
      "currency code": "TTD",
      "currency name": "Trinidad and Tobago Dollar"
    },
    {
      "currency code": "TWD",
      "currency name": "New Taiwan Dollar"
    },
    {
      "currency code": "TZS",
      "currency name": "Tanzanian Shilling"
    },
    {
      "currency code": "UAH",
      "currency name": "Ukrainian Hryvnia"
    },
    {
      "currency code": "UGX",
      "currency name": "Ugandan Shilling"
    },
    {
      "currency code": "USD",
      "currency name": "United States Dollar"
    },
    {
      "currency code": "UYU",
      "currency name": "Uruguayan Peso"
    },
    {
      "currency code": "UZS",
      "currency name": "Uzbekistan Som"
    },
    {
      "currency code": "VND",
      "currency name": "Vietnamese Dong"
    },
    {
      "currency code": "VUV",
      "currency name": "Vanuatu Vatu"
    },
    {
      "currency code": "WST",
      "currency name": "Samoan Tala"
    },
    {
      "currency code": "XAF",
      "currency name": "CFA Franc BEAC"
    },
    {
      "currency code": "XAG",
      "currency name": "Silver Ounce"
    },
    {
      "currency code": "XAU",
      "currency name": "Gold Ounce"
    },
    {
      "currency code": "XCD",
      "currency name": "East Caribbean Dollar"
    },
    {
      "currency code": "XDR",
      "currency name": "Special Drawing Rights"
    },
    {
      "currency code": "XOF",
      "currency name": "CFA Franc BCEAO"
    },
    {
      "currency code": "XPF",
      "currency name": "CFP Franc"
    },
    {
      "currency code": "YER",
      "currency name": "Yemeni Rial"
    },
    {
      "currency code": "ZAR",
      "currency name": "South African Rand"
    },
    {
      "currency code": "ZMW",
      "currency name": "Zambian Kwacha"
    },
    {
      "currency code": "ZWL",
      "currency name": "Zimbabwean Dollar"
    }
  ]
